{
"__comment":"Made by Know2Good, part of the 'Default 3D' resource pack || Official download page: http://www.planetminecraft.com/texture_pack/default-3d-2985741/ || © Know2Good. All rights reserved. ",
"__comment":"OK",

"parent": "block/generic_planks",

"textures": {
	"main": 	"know2good/blocks/planks/acacia_alt12/planks",
	"north": 	"know2good/blocks/planks/acacia_alt12/planks_north",
	"east": 	"know2good/blocks/planks/acacia_alt12/planks_east",
	"south": 	"know2good/blocks/planks/acacia_alt12/planks_south",
	"west": 	"know2good/blocks/planks/acacia_alt12/planks_west",
	"particle": "know2good/blocks/planks/acacia_alt12/planks"
    }
}