{
"__comment":"Made by Know2Good, part of the 'Default 3D' resource pack || Official download page: http://www.planetminecraft.com/texture_pack/default-3d-2985741/ || © Know2Good. All rights reserved. ",
    "variants": {
        "normal": [
			{ "model": "acacia_planks", "weight": 40 },
			
			{ "model": "acacia_planks_alt1", "weight": 30 },
			{ "model": "acacia_planks_alt2", "weight": 30 },
			{ "model": "acacia_planks_alt3", "weight": 30 },
			{ "model": "acacia_planks_alt4", "weight": 30 },
			
			{ "model": "acacia_planks_alt5", "weight": 10 },
			{ "model": "acacia_planks_alt6", "weight": 10 },
			{ "model": "acacia_planks_alt7", "weight": 10 },
			{ "model": "acacia_planks_alt8", "weight": 10 },
			{ "model": "acacia_planks_alt9", "weight": 10 },
			{ "model": "acacia_planks_alt10", "weight": 10 },
			
			{ "model": "acacia_planks_alt11", "weight": 10 },
			{ "model": "acacia_planks_alt12", "weight": 10 },
			{ "model": "acacia_planks_alt13", "weight": 10 },
			{ "model": "acacia_planks_alt14", "weight": 10 },
			
			{ "model": "acacia_planks_alt15", "weight": 5 }
        ]
    }
}
