{
"__comment":"Made by Know2Good, part of the 'Default 3D' resource pack || Official download page: http://www.planetminecraft.com/texture_pack/default-3d-2985741/ || © Know2Good. All rights reserved. ",
    "variants": {
        "normal": [
           { "model": "stonebrick_normal", "weight": 200 },
			{ "model": "stonebrick_normal_alt1", "weight": 200 },
			{ "model": "stonebrick_normal_alt2", "weight": 200 },
			{ "model": "stonebrick_normal_alt3", "weight": 200 },
			{ "model": "stonebrick_normal_alt4", "weight": 200 },
			{ "model": "stonebrick_normal_alt5", "weight": 200 },
			{ "model": "stonebrick_normal_alt6", "weight": 200 },
			{ "model": "stonebrick_normal_alt7", "weight": 200 },
			{ "model": "stonebrick_normal_alt8", "weight": 200 },
			{ "model": "stonebrick_normal_alt9", "weight": 200 },
			{ "model": "stonebrick_normal_alt10", "weight": 200 },
			{ "model": "stonebrick_normal_alt11", "weight": 200 },
			{ "model": "stonebrick_normal_alt12", "weight": 200 },
			{ "model": "stonebrick_normal_alt13", "weight": 200 },
			{ "model": "stonebrick_normal_alt14", "weight": 200 },
			{ "model": "stonebrick_normal_alt15", "weight": 200 },
			{ "model": "stonebrick_normal_alt16", "weight": 200 },
			{ "model": "stonebrick_normal_alt17", "weight": 200 }
        ]
    }
}

